Date,Price,ROI
2020/9/28,10005.28,0.0198 
2020/9/25,9810.8,0.0002 
2020/9/24,9809.05,-0.0241 
2020/9/23,10051.02,-0.0045 
2020/9/22,10096.41,-0.0101 
2020/9/21,10199.67,-0.0068 
2020/9/18,10269.42,-0.0031 
2020/9/17,10301.71,-0.0142 
2020/9/16,10450.57,0.0152 
2020/9/15,10294.14,0.0051 
2020/9/14,10241.63,0.0097 
2020/9/11,10142.9,0.0018 
2020/9/10,10125.14,0.0109 
2020/9/9,10015.5,-0.0068 
2020/9/8,10083.63,0.0079 
2020/9/7,10004.66,-0.0015 
2020/9/4,10019.99,-0.0119 
2020/9/3,10140.52,0.0052 
2020/9/2,10088.03,-0.0018 
2020/9/1,10106.69,0.0125 
2020/8/31,9982.03,-0.0157 
2020/8/28,10141.19,-0.0093 
2020/8/27,10236.64,-0.0027 
2020/8/26,10264.31,0.0082 
2020/8/25,10180.99,0.0096 
2020/8/24,10083.92,0.0020 
2020/8/21,10064.12,0.0195 
2020/8/20,9871.96,-0.0303 
2020/8/19,10180.22,-0.0098 
2020/8/18,10280.91,-0.0086 
2020/8/17,10369.74,0.0137 
2020/8/14,10229.52,-0.0018 
2020/8/13,10247.9,0.0115 
2020/8/12,10131.2,-0.0136 
2020/8/11,10270.99,-0.0110 
2020/8/10,10385.72,0.0067 
2020/8/7,10316.74,-0.0077 
2020/8/6,10396.61,0.0118 
2020/8/5,10275.78,0.0054 
2020/8/4,10220.52,0.0181 
2020/8/3,10039.26,-0.0162 
2020/7/31,10204.33,-0.0091 
2020/7/30,10297.72,0.0172 
2020/7/29,10123.7,-0.0123 
2020/7/28,10250.09,0.0073 
2020/7/27,10176.24,0.0455 
2020/7/24,9733.02,-0.0019 
2020/7/23,9751.76,-0.0069 
2020/7/22,9819.26,0.0059 
2020/7/21,9761.92,0.0237 
2020/7/20,9535.78,-0.0021 
2020/7/17,9556.06,0.0112 
2020/7/16,9450,-0.0074 
2020/7/15,9520.6,0.0001 
2020/7/14,9519.8,0.0066 
2020/7/13,9457.41,0.0123 
2020/7/10,9342.75,-0.0049 
2020/7/9,9388.64,0.0030 
2020/7/8,9360.51,0.0065 
2020/7/7,9300.13,0.0013 
2020/7/6,9288.37,0.0172 
2020/7/3,9130.93,0.0121 
2020/7/2,9021.81,0.0078 
2020/7/1,8952.08,0.0067 
2020/6/30,8892.06,0.0059 
2020/6/29,8840.07,-0.0115 
2020/6/24,8942.7,0.0054 
2020/6/23,8894.65,0.0054 
2020/6/22,8847,0.0011 
2020/6/19,8837.49,0.0009 
2020/6/18,8829.13,-0.0020 
2020/6/17,8847.01,0.0010 
2020/6/16,8838.1,0.0181 
2020/6/15,8680.55,-0.0131 
2020/6/12,8795.4,-0.0120 
2020/6/11,8902.11,-0.0131 
2020/6/10,9020.36,0.0083 
2020/6/9,8945.7,0.0020 
2020/6/8,8927.54,0.0151 
2020/6/5,8794.86,0.0089 
2020/6/4,8717.04,0.0081 
2020/6/3,8646.66,0.0175 
2020/6/2,8497.8,0.0073 
2020/6/1,8435.86,0.0114 
2020/5/29,8341.1,-0.0003 
2020/5/28,8343.67,-0.0073 
2020/5/27,8404.65,0.0017 
2020/5/26,8390.52,0.0126 
2020/5/25,8286.43,0.0030 
2020/5/22,8261.43,-0.0186 
2020/5/21,8418.1,0.0073 
2020/5/20,8356.97,0.0049 
2020/5/19,8315.94,0.0100 
2020/5/18,8233.54,-0.0120 
2020/5/15,8333.79,0.0043 
2020/5/14,8297.9,-0.0124 
2020/5/13,8402.46,0.0067 
2020/5/12,8346.61,-0.0149 
2020/5/11,8473.09,0.0109 
2020/5/8,8381.57,0.0057 
2020/5/7,8334.04,0.0040 
2020/5/6,8301.15,0.0001 
2020/5/5,8300.35,0.0050 
2020/5/4,8259.3,-0.0290 
2020/4/30,8505.56,0.0210 
2020/4/29,8330.5,0.0140 
2020/4/28,8215.49,0.0017 
2020/4/27,8201.44,0.0207 
2020/4/24,8035.21,-0.0033 
2020/4/23,8061.71,0.0051 
2020/4/22,8020.68,-0.0013 
2020/4/21,8031.37,-0.0296 
2020/4/20,8275.93,-0.0044 
2020/4/17,8312.65,0.0338 
2020/4/16,8040.77,-0.0083 
2020/4/15,8107.74,0.0095 
2020/4/14,8031.29,0.0238 
2020/4/13,7844.32,-0.0056 
2020/4/10,7888.73,0.0009 
2020/4/9,7881.45,-0.0030 
2020/4/8,7905.33,0.0123 
2020/4/7,7809.36,0.0185 
2020/4/6,7667.42,0.0158 
2020/4/1,7548.18,-0.0077 
2020/3/31,7606.47,0.0091 
2020/3/30,7538.21,-0.0120 
2020/3/27,7630.03,-0.0086 
2020/3/26,7696.27,0.0073 
2020/3/25,7640.13,0.0362 
2020/3/24,7373.21,0.0453 
2020/3/23,7053.46,-0.0432 
2020/3/20,7371.57,0.0719 
2020/3/19,6877.11,-0.0534 
2020/3/18,7265.41,-0.0263 
2020/3/17,7461.55,-0.0282 
2020/3/16,7678.12,-0.0429 
2020/3/13,8022.63,-0.0189 
2020/3/12,8177.35,-0.0378 
2020/3/11,8498.82,-0.0106 
2020/3/10,8590.24,0.0026 
2020/3/9,8568.29,-0.0285 
2020/3/6,8819.29,-0.0206 
2020/3/5,9005.19,0.0101 
2020/3/4,8915.49,0.0076 
2020/3/3,8847.92,0.0157 
2020/3/2,8711.34,-0.0137 
2020/2/27,8832.14,-0.0094 
2020/2/26,8915.51,-0.0104 
2020/2/25,9009.66,0.0024 
2020/2/24,8988.45,-0.0143 
2020/2/21,9118.72,-0.0029 
2020/2/20,9145.6,-0.0042 
2020/2/19,9184.04,0.0104 
2020/2/18,9089.42,-0.0145 
2020/2/17,9222.96,-0.0055 
2020/2/14,9274.14,0.0006 
2020/2/13,9268.42,0.0022 
2020/2/12,9247.81,0.0093 
2020/2/11,9162.15,0.0077 
2020/2/10,9092.2,-0.0017 
2020/2/7,9107.84,-0.0106 
2020/2/6,9205.55,0.0140 
2020/2/5,9078.32,0.0034 
2020/2/4,9047.31,0.0202 
2020/2/3,8868.43,-0.0112 
2020/1/31,8968.5,0.0080 
2020/1/30,8897.67,-0.0557 
2020/1/20,9422.28,0.0015 
2020/1/17,9408.38,0.0014 
2020/1/16,9395.56,-0.0054 
2020/1/15,9446.84,-0.0098 
2020/1/14,9539.92,0.0074 
2020/1/13,9469.66,0.0062 
2020/1/10,9411.37,0.0050 
2020/1/9,9364.55,0.0152 
2020/1/8,9223.99,-0.0052 
2020/1/7,9272.36,-0.0056 
2020/1/6,9324.26,-0.0160 
2020/1/3,9475.62,0.0026 
2020/1/2,9450.9,0.0101 
2019/12/31,9356.04,-0.0074 
2019/12/30,9425.64,-0.0056 
2019/12/27,9478.62,0.0092 
2019/12/26,9392.18,-0.0004 
2019/12/25,9396.14,0.0020 
2019/12/24,9377.46,-0.0053 
2019/12/23,9427.86,0.0080 
2019/12/20,9353.22,-0.0076 
2019/12/19,9424.65,-0.0128 
2019/12/18,9546.54,0.0018 
2019/12/17,9529.26,0.0174 
2019/12/16,9365.86,-0.0032 
2019/12/13,9396.24,0.0129 
2019/12/12,9276.62,0.0184 
2019/12/11,9109.45,0.0094 
2019/12/10,9025.03,-0.0050 
2019/12/9,9070.41,0.0062 
2019/12/6,9014.87,0.0019 
2019/12/5,8997.6,0.0095 
2019/12/4,8913.28,-0.0022 
2019/12/3,8932.56,0.0021 
2019/12/2,8913.73,0.0040 
2019/11/29,8878.46,-0.0130 
2019/11/28,8994.99,-0.0032 
2019/11/27,9023.46,0.0082 
2019/11/26,8950.04,-0.0001 
2019/11/25,8950.81,-0.0023 
2019/11/22,8971.3,-0.0009 
2019/11/21,8979.47,-0.0079 
2019/11/20,9051.4,-0.0036 
2019/11/19,9084.02,0.0076 
2019/11/18,9015.06,0.0082 
2019/11/15,8941.77,0.0085 
2019/11/14,8866.4,-0.0007 
2019/11/13,8872.84,-0.0049 
2019/11/12,8916.53,0.0091 
2019/11/11,8836.06,-0.0140 
2019/11/8,8961.86,-0.0047 
2019/11/7,9004.53,-0.0041 
2019/11/6,9041.18,0.0030 
2019/11/5,9014.02,0.0094 
2019/11/4,8930.36,0.0197 
2019/11/1,8757.68,0.0045 
2019/10/31,8718.08,-0.0007 
2019/10/30,8723.8,0.0033 
2019/10/29,8695.3,0.0061 
2019/10/28,8642.53,0.0022 
2019/10/25,8623.28,-0.0015 
2019/10/24,8635.89,0.0061 
2019/10/23,8583.3,-0.0039 
2019/10/22,8617.17,0.0108 
2019/10/21,8524.86,-0.0019 
2019/10/18,8541.06,-0.0013 
2019/10/17,8552.02,0.0005 
2019/10/16,8547.8,0.0054 
2019/10/15,8502.2,0.0058 
2019/10/14,8453.55,0.0193 
2019/10/9,8293.21,-0.0137 
2019/10/8,8408.03,0.0138 
2019/10/7,8293.76,0.0044 
2019/10/4,8257.75,0.0022 
2019/10/3,8239.83,-0.0086 
2019/10/2,8311.23,-0.0034 
2019/10/1,8339.66,0.0165 
2019/9/27,8204.51,0.0014 
2019/9/26,8192.64,0.0023 
2019/9/25,8174.14,-0.0029 
2019/9/24,8197.83,0.0003 
2019/9/23,8195.03,-0.0027 
2019/9/20,8216.89,0.0020 
2019/9/19,8200.09,-0.0042 
2019/9/18,8234.87,0.0058 
2019/9/17,8187.48,-0.0029 
2019/9/16,8210.89,0.0078 
2019/9/12,8147.16,0.0020 
2019/9/11,8131.24,0.0042 
2019/9/10,8097.24,-0.0060 
2019/9/9,8146.44,0.0046 
2019/9/6,8109.1,0.0031 
2019/9/5,8084.08,0.0131 
2019/9/4,7979.16,0.0102 
2019/9/3,7898.67,-0.0092 
2019/9/2,7972.36,-0.0020 
2019/8/30,7988.36,0.0184 
2019/8/29,7844.16,0.0035 
2019/8/28,7816.87,0.0066 
2019/8/27,7765.31,0.0026 
2019/8/26,7745.48,-0.0180 
2019/8/23,7887.41,0.0015 
2019/8/22,7875.36,-0.0003 
2019/8/21,7877.76,-0.0016 
2019/8/20,7890.51,0.0057 
2019/8/19,7845.67,0.0076 
2019/8/16,7786.47,0.0093 
2019/8/15,7714.91,-0.0090 
2019/8/14,7784.63,0.0074 
2019/8/13,7727.54,-0.0134 
2019/8/12,7832.24,-0.0050 
2019/8/8,7871.45,0.0112 
2019/8/7,7784.42,-0.0012 
2019/8/6,7793.64,-0.0011 
2019/8/5,7802.5,-0.0125 
2019/8/2,7901.22,-0.0175 
2019/8/1,8042.07,-0.0103 
2019/7/31,8125.73,-0.0017 
2019/7/30,8139.36,-0.0023 
2019/7/29,8158.17,-0.0008 
2019/7/26,8164.67,-0.0079 
2019/7/25,8229.77,-0.0015 
2019/7/24,8241.86,-0.0006 
2019/7/23,8247.13,0.0009 
2019/7/22,8239.46,0.0088 
2019/7/19,8167.35,0.0084 
2019/7/18,8099.08,-0.0004 
2019/7/17,8102.2,-0.0083 
2019/7/16,8169.79,0.0021 
2019/7/15,8152.28,0.0063 
2019/7/12,8101.24,-0.0027 
2019/7/11,8123.4,0.0062 
2019/7/10,8073.18,0.0120 
2019/7/9,7977.71,-0.0051 
2019/7/8,8018.86,-0.0027 
2019/7/5,8040.4,0.0007 
2019/7/4,8034.43,0.0033 
2019/7/3,8008.21,-0.0149 
2019/7/2,8129.04,-0.0041 
2019/7/1,8162.31,0.0192 
2019/6/28,8008.17,-0.0046 
2019/6/27,8045.12,0.0152 
2019/6/26,7924.34,-0.0088 
2019/6/25,7994.4,-0.0075 
2019/6/24,8054.89,-0.0073 
2019/6/21,8113.91,0.0035 
2019/6/20,8085.43,0.0009 
2019/6/19,8078.54,0.0228 
2019/6/18,7898.31,0.0056 
2019/6/17,7854.66,-0.0018 
2019/6/14,7868.56,-0.0058 
2019/6/13,7914.38,-0.0083 
2019/6/12,7980.54,0.0017 
2019/6/11,7966.71,0.0053 
2019/6/10,7924.32,0.0186 
2019/6/6,7779.58,-0.0049 
2019/6/5,7817.9,0.0028 
2019/6/4,7796.2,-0.0094 
2019/6/3,7869.97,0.0039 
2019/5/31,7839.08,0.0140 
2019/5/30,7730.95,0.0091 
2019/5/29,7661.34,-0.0018 
2019/5/28,7675.13,-0.0024 
2019/5/27,7693.59,-0.0022 
2019/5/24,7710.67,0.0045 
2019/5/23,7676.29,-0.0179 
2019/5/22,7816,0.0007 
2019/5/21,7810.34,0.0012 
2019/5/20,7800.65,0.0007 
2019/5/17,7795.03,-0.0110 
2019/5/16,7881.89,-0.0081 
2019/5/15,7946.59,0.0010 
2019/5/14,7938.94,-0.0068 
2019/5/13,7992.97,-0.0162 
2019/5/10,8124.31,-0.0011 
2019/5/9,8133.13,-0.0164 
2019/5/8,8268.39,-0.0064 
2019/5/7,8321.69,0.0086 
2019/5/6,8250.77,-0.0177 
2019/5/3,8399.38,0.0119 
2019/5/2,8300.86,0.0025 
2019/4/30,8280.39,0.0003 
2019/4/29,8278.24,0.0018 
2019/4/26,8263.69,-0.0093 
2019/4/25,8341.52,0.0001 
2019/4/24,8340.53,0.0007 
2019/4/23,8334.98,0.0056 
2019/4/22,8288.48,0.0007 
2019/4/19,8282.95,-0.0014 
2019/4/18,8294.5,0.0010 
2019/4/17,8286.44,0.0078 
2019/4/16,8222.12,0.0052 
2019/4/15,8179.44,0.0077 
2019/4/12,8117.25,0.0005 
2019/4/11,8112.87,-0.0047 
2019/4/10,8151.49,0.0004 
2019/4/9,8148.28,0.0060 
2019/4/8,8099.63,0.0121 
2019/4/3,8003.11,0.0003 
2019/4/2,8000.57,0.0046 
2019/4/1,7963.67,0.0018 
2019/3/29,7949.49,0.0112 
2019/3/28,7861.06,0.0002 
2019/3/27,7859.81,-0.0040 
2019/3/26,7891.53,0.0096 
2019/3/25,7816.73,-0.0181 
2019/3/22,7960.96,0.0048 
2019/3/21,7922.64,0.0077 
2019/3/20,7861.78,0.0040 
2019/3/19,7830.8,0.0001 
2019/3/18,7830.39,0.0074 
2019/3/15,7772.51,0.0089 
2019/3/14,7704.28,-0.0043 
2019/3/13,7737.78,0.0042 
2019/3/12,7705.75,0.0124 
2019/3/11,7611.36,0.0001 
2019/3/8,7610.82,-0.0108 
2019/3/7,7694.3,-0.0023 
2019/3/6,7711.74,0.0055 
2019/3/5,7669.84,-0.0052 
2019/3/4,7710.12,-0.0088 
2019/2/27,7778.88,-0.0008 
2019/2/26,7785,0.0009 
2019/2/25,7777.82,0.0062 
2019/2/22,7729.83,0.0017 
2019/2/21,7716.55,0.0060 
2019/2/20,7670.65,0.0153 
2019/2/19,7555.15,-0.0016 
2019/2/18,7567.48,0.0088 
2019/2/15,7501.13,-0.0032 
2019/2/14,7525.26,-0.0035 
2019/2/13,7551.77,-0.0019 
2019/2/12,7566.04,0.0094 
2019/2/11,7495.23,0.0100 
2019/1/30,7420.95,-0.0015 
2019/1/29,7432.05,-0.0116 
2019/1/28,7519.19,0.0048 
2019/1/25,7483.13,0.0115 
2019/1/24,7398.18,0.0045 
2019/1/23,7365.12,-0.0079 
2019/1/22,7423.71,0.0032 
2019/1/21,7400.38,0.0063 
2019/1/18,7354.15,0.0025 
2019/1/17,7335.74,0.0055 
2019/1/16,7295.6,-0.0068 
2019/1/15,7345.76,0.0101 
2019/1/14,7272.07,-0.0061 
2019/1/11,7316.45,0.0087 
2019/1/10,7253.62,-0.0010 
2019/1/9,7260.85,0.0199 
2019/1/8,7119.23,-0.0036 
2019/1/7,7144.77,0.0237 
2019/1/4,6979.57,-0.0171 
2019/1/3,7101.33,-0.0087 
2019/1/2,7163.81,-0.0223 
2018/12/28,7327.14,0.0117 
2018/12/27,7242.5,0.0184 
2018/12/26,7111.62,-0.0044 
2018/12/25,7142.88,-0.0115 
2018/12/24,7226.07,-0.0019 
2018/12/22,7239.82,-0.0049 
2018/12/21,7275.73,0.0011 
2018/12/20,7267.51,-0.0122 
2018/12/19,7357,0.0107 
2018/12/18,7278.91,-0.0060 
2018/12/17,7322.53,0.0024 
2018/12/14,7304.9,-0.0096 
2018/12/13,7375.35,0.0039 
2018/12/12,7346.88,0.0130 
2018/12/11,7252.86,0.0077 
2018/12/10,7197.65,-0.0122 
2018/12/7,7286.42,0.0053 
2018/12/6,7248.03,-0.0240 
2018/12/5,7426.59,-0.0208 
2018/12/4,7584.08,-0.0058 
2018/12/3,7628.21,0.0280 
2018/11/30,7420.32,-0.0029 
2018/11/29,7441.72,0.0001 
2018/11/28,7441.28,0.0109 
2018/11/27,7361.09,-0.0005 
2018/11/26,7364.55,0.0116 
2018/11/23,7279.8,-0.0031 
2018/11/22,7302.37,-0.0039 
2018/11/21,7331.28,-0.0002 
2018/11/20,7333.11,-0.0124 
2018/11/19,7425.11,-0.0025 
2018/11/16,7443.9,-0.0069 
2018/11/15,7495.56,0.0050 
2018/11/14,7458.18,0.0007 
2018/11/13,7453.22,-0.0083 
2018/11/12,7515.53,0.0003 
2018/11/9,7513.07,-0.0146 
2018/11/8,7624.32,0.0035 
2018/11/7,7597.82,0.0054 
2018/11/6,7556.85,-0.0075 
2018/11/5,7613.78,-0.0039 
2018/11/2,7643.57,0.0066 
2018/11/1,7593.47,0.0022 
2018/10/31,7577.06,0.0340 
2018/10/30,7328.03,0.0021 
2018/10/29,7312.44,0.0044 
2018/10/26,7280.76,-0.0049 
2018/10/25,7316.67,-0.0247 
2018/10/24,7501.82,-0.0019 
2018/10/23,7516.23,-0.0211 
2018/10/22,7677.91,0.0032 
2018/10/19,7653.3,-0.0025 
2018/10/18,7672.58,-0.0031 
2018/10/17,7696.25,0.0000 
2018/10/16,7695.96,0.0116 
2018/10/15,7608.07,-0.0190 
2018/10/12,7755.69,0.0309 
2018/10/11,7522.88,-0.0642 
2018/10/9,8039.1,0.0030 
2018/10/8,8014.67,-0.0086 
2018/10/5,8084.02,-0.0162 
2018/10/4,8217.39,-0.0155 
2018/10/3,8346.53,-0.0006 
2018/10/2,8351.38,-0.0155 
2018/10/1,8483.05,0.0033 
2018/9/28,8455.17,-0.0031 
2018/9/27,8481.21,0.0075 
2018/9/26,8417.93,-0.0002 
2018/9/25,8419.36,0.0011 
2018/9/21,8409.88,0.0119 
2018/9/20,8310.77,-0.0002 
2018/9/19,8312.5,0.0092 
2018/9/18,8236.39,-0.0091 
2018/9/17,8311.95,-0.0047 
2018/9/14,8351.56,0.0154 
2018/9/13,8225.06,-0.0064 
2018/9/12,8278.13,-0.0021 
2018/9/11,8295.7,-0.0014 
2018/9/10,8307.61,-0.0075 
2018/9/7,8370.77,-0.0015 
2018/9/6,8383.47,-0.0073 
2018/9/5,8444.93,0.0020 
2018/9/4,8428.43,0.0044 
2018/9/3,8391.52,-0.0071 
2018/8/31,8451.53,-0.0072 
2018/8/30,8513.22,0.0019 
2018/8/29,8496.74,0.0157 
2018/8/28,8365.05,0.0105 
2018/8/27,8278.49,0.0072 
2018/8/24,8219.25,-0.0044 
2018/8/23,8255.41,0.0069 
2018/8/22,8198.71,0.0018 
2018/8/21,8184.23,0.0078 
2018/8/20,8121.14,0.0026 
2018/8/17,8100.31,0.0016 
2018/8/16,8087.49,-0.0040 
2018/8/15,8120.28,-0.0094 
2018/8/14,8197.43,0.0078 
2018/8/13,8134.16,-0.0214 
2018/8/10,8312.05,-0.0043 
2018/8/9,8347.64,-0.0040 
2018/8/8,8381.17,0.0109 
2018/8/7,8290.5,-0.0045 
2018/8/6,8328.19,0.0000 
2018/8/3,8327.96,0.0087 
2018/8/2,8256.36,-0.0168 
2018/8/1,8397.14,0.0044 
2018/7/31,8360.09,0.0005 
2018/7/30,8356.07,-0.0019 
2018/7/27,8371.64,0.0070 
2018/7/26,8313.44,0.0037 
2018/7/25,8282.47,-0.0032 
2018/7/24,8309.19,0.0035 
2018/7/23,8279.83,0.0056 
2018/7/20,8234.13,0.0169 
2018/7/19,8096.99,0.0022 
2018/7/18,8079.27,0.0066 
2018/7/17,8026.23,-0.0041 
2018/7/16,8059.33,-0.0060 
2018/7/13,8107.82,0.0124 
2018/7/12,8008.22,0.0057 
2018/7/11,7962.82,-0.0087 
2018/7/10,8032.49,0.0013 
2018/7/9,8021.85,0.0128 
2018/7/6,7920.14,0.0011 
2018/7/5,7911.69,-0.0094 
2018/7/4,7986.44,0.0040 
2018/7/3,7954.81,-0.0029 
2018/7/2,7977.62,-0.0049 
2018/6/29,8016.64,0.0210 
2018/6/28,7851.45,-0.0039 
2018/6/27,7882.09,-0.0044 
2018/6/26,7916.91,-0.0066 
2018/6/25,7969.61,-0.0148 
2018/6/22,8089.62,-0.0015 
2018/6/21,8102.14,0.0006 
2018/6/20,8097.05,0.0053 
2018/6/19,8054.49,-0.0212 
2018/6/15,8228.69,0.0095 
2018/6/14,8151.36,-0.0193 
2018/6/13,8311.76,0.0075 
2018/6/12,8250.28,-0.0002 
2018/6/11,8251.79,-0.0022 
2018/6/8,8269.58,-0.0113 
2018/6/7,8364.17,0.0060 
2018/6/6,8314.51,0.0081 
2018/6/5,8247.77,-0.0003 
2018/6/4,8250,0.0179 
2018/6/1,8104.79,0.0076 
2018/5/31,8043.39,0.0029 
2018/5/30,8020.38,-0.0161 
2018/5/29,8151.28,-0.0038 
2018/5/28,8182.2,0.0036 
2018/5/25,8152.75,0.0013 
2018/5/24,8141.82,0.0043 
2018/5/23,8106.6,-0.0054 
2018/5/22,8150.85,-0.0032 
2018/5/21,8177.13,0.0146 
2018/5/18,8059.12,-0.0015 
2018/5/17,8071.18,-0.0101 
2018/5/16,8153.17,0.0010 
2018/5/15,8145.39,-0.0086 
2018/5/14,8215.9,0.0094 
2018/5/11,8139.75,0.0125 
2018/5/10,8039.48,0.0042 
2018/5/9,8005.7,0.0012 
2018/5/8,7995.71,0.0110 
2018/5/7,7908.33,0.0074 
2018/5/4,7850.04,0.0049 
2018/5/3,7811.43,-0.0126 
2018/5/2,7911.2,-0.0057 
2018/4/30,7956.34,0.0098 
2018/4/27,7878.78,0.0059 
2018/4/26,7832.38,-0.0038 
2018/4/25,7862.42,-0.0041 
2018/4/24,7894.98,-0.0068 
2018/4/23,7948.86,-0.0081 
2018/4/20,8014.07,-0.0275 
2018/4/19,8240.78,0.0142 
2018/4/18,8125.35,0.0034 
2018/4/17,8097.73,-0.0150 
2018/4/16,8220.67,-0.0003 
2018/4/13,8223.16,0.0003 
2018/4/12,8220.61,-0.0043 
2018/4/11,8255.72,0.0047 
2018/4/10,8217.05,0.0046 
2018/4/9,8179.57,0.0067 
2018/4/3,8124.79,-0.0083 
2018/4/2,8192.92,-0.0041 
2018/3/31,8226.75,0.0005 
2018/3/30,8222.81,0.0073 
2018/3/29,8163.33,-0.0043 
2018/3/28,8198.43,-0.0141 
2018/3/27,8315.53,0.0155 
2018/3/26,8188.79,0.0004 
2018/3/23,8185.46,-0.0193 
2018/3/22,8346.79,-0.0015 
2018/3/21,8359.51,0.0004 
2018/3/20,8356.25,-0.0044 
2018/3/19,8393.53,0.0024 
2018/3/16,8373.57,0.0015 
2018/3/15,8361.22,-0.0046 
2018/3/14,8400.01,-0.0073 
2018/3/13,8461.46,0.0098 
2018/3/12,8379.6,0.0150 
2018/3/9,8255.88,0.0047 
2018/3/8,8216.87,0.0078 
2018/3/7,8153.08,-0.0054 
2018/3/6,8197.16,0.0181 
2018/3/5,8051.07,-0.0029 
2018/3/2,8074.35,-0.0083 
2018/3/1,8141.67,-0.0056 
2018/2/27,8187.76,-0.0024 
2018/2/26,8207.53,0.0023 
2018/2/23,8188.81,0.0147 
2018/2/22,8070.27,-0.0087 
2018/2/21,8141.33,0.0267 
2018/2/12,7929.26,0.0081 
2018/2/9,7865.48,-0.0178 
2018/2/8,8008.04,-0.0016 
2018/2/7,8021.27,0.0118 
2018/2/6,7927.84,-0.0476 
2018/2/5,8324.27,-0.0184 
2018/2/2,8480.65,-0.0011 
2018/2/1,8490.07,0.0083 
2018/1/31,8420.43,0.0028 
2018/1/30,8396.98,-0.0153 
2018/1/29,8527.11,0.0081 
2018/1/26,8458.96,-0.0033 
2018/1/25,8487,0.0031 
2018/1/24,8460.85,-0.0160 
2018/1/23,8598.64,0.0046 
2018/1/22,8559.1,0.0091 
2018/1/19,8481.64,0.0129 
2018/1/18,8373.67,0.0111 
2018/1/17,8282.14,0.0022 
2018/1/16,8264.2,0.0022 
2018/1/15,8246.26,0.0100 
2018/1/12,8164.68,0.0080 
2018/1/11,8099.62,-0.0034 
2018/1/10,8127.25,-0.0089 
2018/1/9,8199.95,0.0008 
2018/1/8,8193.17,0.0054 
2018/1/5,8148.79,0.0021 
2018/1/4,8131.55,0.0030 
2018/1/3,8107.28,0.0092 
2018/1/2,8032.98,0.0065 
2017/12/29,7981.41,0.0095 
2017/12/28,7906.18,0.0074 
2017/12/27,7847.75,0.0033 
2017/12/26,7822.08,-0.0085 
2017/12/25,7889.52,-0.0013 
2017/12/22,7900.18,0.0075 
2017/12/21,7841.26,-0.0017 
2017/12/20,7854.38,0.0023 
2017/12/19,7836.23,-0.0056 
2017/12/18,7880.62,-0.0015 
2017/12/15,7892.49,-0.0055 
2017/12/14,7936.1,0.0088 
2017/12/13,7866.61,0.0001 
2017/12/12,7865.81,-0.0024 
2017/12/11,7884.37,0.0053 
2017/12/8,7843.14,0.0029 
2017/12/7,7820.13,-0.0030 
2017/12/6,7843.85,-0.0175 
2017/12/5,7983.35,-0.0092 
2017/12/4,8057.26,0.0062 
2017/12/1,8007.57,0.0096 
2017/11/30,7931.58,-0.0220 
2017/11/29,8109.93,0.0003 
2017/11/28,8107.57,-0.0057 
2017/11/27,8154.13,-0.0142 
2017/11/24,8271.53,-0.0006 
2017/11/23,8276.32,0.0027 
2017/11/22,8253.98,0.0043 
2017/11/21,8218.36,0.0119 
2017/11/20,8121.38,-0.0062 
2017/11/17,8171.64,0.0086 
2017/11/16,8102.26,-0.0002 
2017/11/15,8103.79,-0.0087 
2017/11/14,8174.94,0.0009 
2017/11/13,8167.35,-0.0031 
2017/11/10,8192.93,-0.0034 
2017/11/9,8221.18,-0.0054 
2017/11/8,8265.92,-0.0040 
2017/11/7,8298.74,0.0072 
2017/11/6,8239.12,-0.0020 
2017/11/3,8255.82,0.0003 
2017/11/2,8253.52,-0.0023 
2017/11/1,8272.2,-0.0001 
2017/10/31,8272.87,0.0009 
2017/10/30,8265.2,0.0084 
2017/10/27,8196.15,0.0028 
2017/10/26,8173.13,-0.0040 
2017/10/25,8205.83,0.0024 
2017/10/24,8186.35,-0.0013 
2017/10/23,8196.79,0.0002 
2017/10/20,8195.17,-0.0046 
2017/10/19,8232.77,0.0037 
2017/10/18,8202.26,0.0007 
2017/10/17,8196.34,-0.0038 
2017/10/16,8227.46,0.0050 
2017/10/13,8186.54,0.0003 
2017/10/12,8183.76,0.0086 
2017/10/11,8113.72,0.0167 
2017/10/6,7980.26,0.0022 
2017/10/5,7962.68,0.0042 
2017/10/3,7929.53,0.0021 
2017/10/2,7912.84,0.0074 
2017/9/30,7855.08,0.0039 
2017/9/29,7824.63,0.0055 
2017/9/28,7781.76,-0.0035 
2017/9/27,7809.43,0.0057 
2017/9/26,7765.41,-0.0075 
2017/9/25,7824.33,-0.0104 
2017/9/22,7906.42,-0.0139 
2017/9/21,8017.68,0.0048 
2017/9/20,7979.25,-0.0065 
2017/9/19,8031.77,-0.0041 
2017/9/18,8064.81,0.0053 
2017/9/15,8022.53,0.0025 
2017/9/14,8002.42,0.0004 
2017/9/13,7998.99,-0.0081 
2017/9/12,8063.95,0.0045 
2017/9/11,8027.54,-0.0047 
2017/9/8,8065.24,0.0065 
2017/9/7,8013.36,0.0002 
2017/9/6,8012.13,-0.0068 
2017/9/5,8066.96,0.0032 
2017/9/4,8041.44,-0.0016 
2017/9/1,8054.01,0.0002 
2017/8/31,8052.8,0.0000 
2017/8/30,8052.59,0.0072 
2017/8/29,7995.01,-0.0025 
2017/8/28,8015.38,-0.0013 
2017/8/25,8025.96,0.0014 
2017/8/24,8015.04,0.0084 
2017/8/23,7948.6,0.0020 
2017/8/22,7932.68,0.0077 
2017/8/21,7872.09,-0.0010 
2017/8/18,7880.26,-0.0057 
2017/8/17,7925.82,0.0061 
2017/8/16,7877.42,-0.0039 
2017/8/15,7908.41,0.0082 
2017/8/14,7843.92,-0.0085 
2017/8/11,7911.39,-0.0012 
2017/8/10,7920.95,-0.0107 
2017/8/9,8006.35,-0.0113 
2017/8/8,8098.05,0.0006 
2017/8/7,8093.34,0.0078 
2017/8/4,8030.53,0.0018 
2017/8/3,8016.28,-0.0061 
2017/8/2,8065.58,0.0117 
2017/8/1,7972.24,-0.0007 
2017/7/31,7977.67,0.0002 
2017/7/28,7976.11,-0.0086 
2017/7/27,8045.17,0.0102 
2017/7/26,7963.79,-0.0056 
2017/7/25,8008.27,-0.0005 
2017/7/24,8012.45,0.0037 
2017/7/21,7983.1,-0.0086 
2017/7/20,8052.11,-0.0007 
2017/7/19,8057.47,0.0035 
2017/7/18,8029.36,0.0026 
2017/7/17,8008.27,0.0009 
2017/7/14,8001.26,-0.0033 
2017/7/13,8027.62,0.0045 
2017/7/12,7991.32,-0.0016 
2017/7/11,8004.17,0.0181 
2017/7/10,7861.58,0.0011 
2017/7/7,7852.95,-0.0074 
2017/7/6,7911.17,-0.0044 
2017/7/5,7946.16,0.0086 
2017/7/4,7878.53,-0.0083 
2017/7/3,7944.41,0.0006 
2017/6/30,7939.7,-0.0047 
2017/6/29,7977.33,0.0051 
2017/6/28,7936.84,-0.0110 
2017/6/27,8024.86,-0.0034 
2017/6/26,8052.01,0.0136 
2017/6/23,7944.16,-0.0015 
2017/6/22,7956.33,0.0059 
2017/6/21,7909.31,-0.0011 
2017/6/20,7918.08,0.0125 
2017/6/19,7820.67,0.0112 
2017/6/16,7734.02,0.0078 
2017/6/15,7674.35,0.0017 
2017/6/14,7661.01,-0.0027 
2017/6/13,7681.46,0.0024 
2017/6/12,7662.74,-0.0124 
2017/6/9,7759.12,-0.0025 
2017/6/8,7778.93,0.0015 
2017/6/7,7767.29,0.0020 
2017/6/6,7751.96,-0.0033 
2017/6/5,7777.38,0.0088 
2017/6/3,7709.18,-0.0004 
2017/6/2,7712.03,0.0071 
2017/6/1,7658.03,0.0072 
2017/5/31,7603.3,-0.0103 
2017/5/26,7682.45,-0.0003 
2017/5/25,7684.62,0.0077 
2017/5/24,7626.22,0.0028 
2017/5/23,7604.73,0.0016 
2017/5/22,7592.7,0.0053 
2017/5/19,7553.03,-0.0032 
2017/5/18,7577,-0.0047 
2017/5/17,7612.81,-0.0017 
2017/5/16,7625.59,-0.0010 
2017/5/15,7633.38,0.0045 
2017/5/12,7598.84,-0.0046 
2017/5/11,7633.65,0.0050 
2017/5/10,7595.65,0.0031 
2017/5/9,7572.43,0.0020 
2017/5/8,7557.38,0.0084 
2017/5/5,7494.09,-0.0064 
2017/5/4,7542.46,0.0001 
2017/5/3,7541.7,0.0039 
2017/5/2,7512.48,0.0086 
2017/4/28,7448.71,0.0019 
2017/4/27,7434.46,0.0006 
2017/4/26,7429.73,-0.0010 
2017/4/25,7437.04,0.0127 
2017/4/24,7343.99,0.0013 
2017/4/21,7334.62,0.0102 
2017/4/20,7260.6,0.0003 
2017/4/19,7258.31,-0.0109 
2017/4/18,7338.26,0.0005 
2017/4/17,7334.74,-0.0017 
2017/4/14,7347.05,-0.0080 
2017/4/13,7406.23,0.0019 
2017/4/12,7391.84,0.0004 
2017/4/11,7388.98,-0.0016 
2017/4/10,7400.99,0.0010 
2017/4/7,7393.54,-0.0039 
2017/4/6,7422.62,-0.0068 
2017/4/5,7473.14,0.0196 
2017/3/31,7329.3,-0.0055 
2017/3/30,7369.95,-0.0020 
2017/3/29,7385.08,-0.0053 
2017/3/28,7424.14,0.0018 
2017/3/27,7410.9,0.0008 
2017/3/24,7404.82,-0.0034 
2017/3/23,7429.8,0.0001 
2017/3/22,7429.09,-0.0063 
2017/3/21,7476.16,0.0092 
2017/3/20,7407.68,0.0001 
2017/3/17,7407.27,0.0066 
2017/3/16,7358.41,0.0123 
2017/3/15,7269.2,0.0002 
2017/3/14,7267.51,0.0038 
2017/3/13,7239.97,0.0090 
2017/3/10,7175.06,-0.0019 
2017/3/9,7188.45,-0.0109 
2017/3/8,7267.49,0.0025 
2017/3/7,7249.19,0.0063 
2017/3/6,7203.92,0.0027 
2017/3/3,7184.19,-0.0071 
2017/3/2,7235.51,0.0028 
2017/3/1,7215.31,-0.0103 
2017/2/24,7290.63,-0.0018 
2017/2/23,7303.97,-0.0007 
2017/2/22,7309.14,-0.0012 
2017/2/21,7317.87,0.0014 
2017/2/20,7307.29,-0.0015 
2017/2/18,7318.31,0.0001 
2017/2/17,7317.75,-0.0025 
2017/2/16,7335.77,-0.0032 
2017/2/15,7359.45,0.0085 
2017/2/14,7297.07,0.0002 
2017/2/13,7295.74,0.0053 
2017/2/10,7257.32,0.0102 
2017/2/9,7184.33,0.0054 
2017/2/8,7145.68,-0.0023 
2017/2/7,7162.33,0.0031 
2017/2/6,7140.14,0.0071 
2017/2/3,7089.75,0.0006 
2017/2/2,7085.17,-0.0046 
2017/1/24,7117.72,0.0014 
2017/1/23,7107.57,0.0123 
2017/1/20,7021.27,0.0020 
2017/1/19,7007.36,-0.0028 
2017/1/18,7026.84,-0.0041 
2017/1/17,7055.53,0.0069 
2017/1/16,7007.16,-0.0100 
2017/1/13,7077.78,-0.0049 
2017/1/12,7112.79,0.0092 
2017/1/11,7047.82,-0.0019 
2017/1/10,7061.48,0.0007 
2017/1/9,7056.81,-0.0026 
2017/1/6,7074.97,0.0024 
2017/1/5,7058.17,0.0071 
2017/1/4,7008.49,0.0006 
2017/1/3,7004.6,0.0037 
2016/12/30,6978.54,0.0104 
2016/12/29,6906.69,-0.0076 
2016/12/28,6959.84,0.0111 
2016/12/27,6883.29,0.0002 
2016/12/26,6881.96,0.0050 
2016/12/23,6847.85,-0.0044 
2016/12/22,6878.08,-0.0097 
2016/12/21,6945.64,-0.0060 
2016/12/20,6987.66,0.0008 
2016/12/19,6982.15,-0.0099 
2016/12/16,7051.98,-0.0055 
2016/12/15,7090.79,-0.0011 
2016/12/14,7098.3,-0.0016 
2016/12/13,7109.85,0.0031 
2016/12/12,7087.64,-0.0039 
2016/12/9,7115.27,0.0016 
2016/12/8,7103.74,0.0154 
2016/12/7,6995.76,0.0010 
2016/12/6,6988.91,0.0113 
2016/12/5,6911.01,-0.0021 
2016/12/2,6925.53,-0.0105 
2016/12/1,6998.99,0.0024 
2016/11/30,6982.31,0.0038 
2016/11/29,6955.71,-0.0049 
2016/11/28,6989.67,0.0085 
2016/11/25,6931.07,-0.0006 
2016/11/24,6935.41,-0.0055 
2016/11/23,6973.96,0.0057 
2016/11/22,6934.26,0.0112 
2016/11/21,6857.59,0.0028 
2016/11/18,6838.71,-0.0005 
2016/11/17,6842.2,0.0059 
2016/11/16,6801.94,0.0033 
2016/11/15,6779.87,-0.0020 
2016/11/14,6793.53,-0.0016 
2016/11/11,6804.56,-0.0235 
2016/11/10,6968.23,0.0219 
2016/11/9,6818.66,-0.0304 
2016/11/8,7032.09,0.0031 
2016/11/7,7010.01,0.0149 
2016/11/4,6907.15,0.0002 
2016/11/3,6906.08,-0.0074 
2016/11/2,6957.88,-0.0134 
2016/11/1,7052.5,-0.0010 
2016/10/31,7059.54,-0.0026 
2016/10/28,7077.82,0.0026 
2016/10/27,7059.74,-0.0094 
2016/10/26,7126.38,-0.0030 
2016/10/25,7147.77,0.0084 
2016/10/24,7088.39,0.0036 
2016/10/21,7063.13,-0.0026 
2016/10/20,7081.45,0.0035 
2016/10/19,7056.54,0.0086 
2016/10/18,6996.23,0.0057 
2016/10/17,6956.9,-0.0007 
2016/10/14,6961.9,-0.0038 
2016/10/13,6988.68,-0.0043 
2016/10/12,7018.92,0.0060 
2016/10/11,6977.18,-0.0012 
2016/10/7,6985.4,-0.0015 
2016/10/6,6995.59,0.0013 
2016/10/5,6986.55,-0.0020 
2016/10/4,7000.74,0.0065 
2016/10/3,6955.83,0.0098 
2016/9/30,6888,-0.0141 
2016/9/29,6986.39,0.0116 
2016/9/26,6906.54,-0.0135 
2016/9/23,7000.98,0.0068 
2016/9/22,6953.39,0.0017 
2016/9/21,6941.73,0.0059 
2016/9/20,6900.99,0.0008 
2016/9/19,6895.64,0.0365 
2016/9/14,6652.88,-0.0064 
2016/9/13,6695.73,0.0009 
2016/9/12,6689.64,-0.0134 
2016/9/10,6780.58,-0.0112 
2016/9/9,6857.69,-0.0146 
2016/9/8,6959.59,-0.0029 
2016/9/7,6979.82,0.0112 
2016/9/6,6902.23,0.0109 
2016/9/5,6827.96,0.0130 
2016/9/2,6740.08,0.0001 
2016/9/1,6739.08,-0.0088 
2016/8/31,6798.79,-0.0053 
2016/8/30,6835.07,-0.0017 
2016/8/29,6846.78,-0.0021 
2016/8/26,6861.49,0.0011 
2016/8/25,6853.99,0.0137 
2016/8/24,6761.33,-0.0023 
2016/8/23,6776.76,0.0058 
2016/8/22,6737.85,-0.0053 
2016/8/19,6773.9,-0.0101 
2016/8/18,6842.79,-0.0001 
2016/8/17,6843.21,0.0006 
2016/8/16,6839.44,-0.0067 
2016/8/15,6885.5,0.0004 
2016/8/12,6882.85,0.0009 
2016/8/11,6876.41,-0.0083 
2016/8/10,6934.2,0.0048 
2016/8/9,6901.04,0.0022 
2016/8/8,6885.88,0.0085 
2016/8/5,6827.51,0.0085 
2016/8/4,6770.27,0.0032 
2016/8/3,6748.38,-0.0101 
2016/8/2,6817.52,-0.0018 
2016/8/1,6829.65,0.0143 
2016/7/29,6733.68,-0.0147 
2016/7/28,6834.45,0.0031 
2016/7/27,6813.37,0.0057 
2016/7/26,6774.8,0.0047 
2016/7/25,6743.23,-0.0003 
2016/7/22,6745.55,-0.0061 
2016/7/21,6786.93,0.0061 
2016/7/20,6746.01,-0.0043 
2016/7/19,6775.36,0.0031 
2016/7/18,6754.23,0.0076 
2016/7/15,6703.43,0.0102 
2016/7/14,6635.82,0.0011 
2016/7/13,6628.73,-0.0002 
2016/7/12,6629.83,0.0079 
2016/7/11,6577.67,0.0219 
2016/7/7,6436.92,0.0093 
2016/7/6,6377.91,-0.0188 
2016/7/5,6500.1,-0.0073 
2016/7/4,6548.03,0.0037 
2016/7/1,6523.8,0.0107 
2016/6/30,6454.49,0.0119 
2016/6/29,6378.77,0.0115 
2016/6/28,6306.41,0.0059 
2016/6/27,6269.58,-0.0075 
2016/6/24,6316.74,-0.0237 
2016/6/23,6469.79,-0.0052 
2016/6/22,6503.71,0.0035 
2016/6/21,6481.11,0.0074 
2016/6/20,6433.6,0.0065 
2016/6/17,6392.33,0.0106 
2016/6/16,6325.41,-0.0161 
2016/6/15,6429.17,0.0044 
2016/6/14,6401.06,0.0053 
2016/6/13,6367.27,-0.0231 
2016/6/8,6517.78,0.0066 
2016/6/7,6475.3,0.0110 
2016/6/6,6404.82,0.0028 
2016/6/4,6387.09,-0.0012 
2016/6/3,6394.72,0.0064 
2016/6/2,6353.98,-0.0047 
2016/6/1,6383.79,0.0090 
2016/5/31,6326.63,0.0006 
2016/5/30,6322.62,0.0091 
2016/5/27,6265.81,0.0096 
2016/5/26,6206.11,-0.0010 
2016/5/25,6212.2,0.0144 
2016/5/24,6124.16,-0.0082 
2016/5/23,6175.07,0.0305 
2016/5/20,5992.03,0.0057 
2016/5/19,5958.35,-0.0077 
2016/5/18,6004.85,0.0024 
2016/5/17,5990.43,0.0089 
2016/5/16,5937.63,0.0020 
2016/5/13,5925.54,-0.0067 
2016/5/12,5965.22,-0.0017 
2016/5/11,5975.35,-0.0011 
2016/5/10,5981.85,0.0035 
2016/5/9,5960.83,-0.0006 
2016/5/6,5964.6,-0.0031 
2016/5/5,5983.11,-0.0028 
2016/5/4,5999.77,-0.0130 
2016/5/3,6078.91,-0.0129 
2016/4/29,6158.6,-0.0126 
2016/4/28,6237.3,-0.0140 
2016/4/27,6325.82,-0.0027 
2016/4/26,6343.14,0.0025 
2016/4/25,6327.17,0.0025 
2016/4/22,6311.4,-0.0015 
2016/4/21,6320.84,0.0092 
2016/4/20,6263.23,-0.0154 
2016/4/19,6361.02,-0.0057 
2016/4/18,6397.46,-0.0047 
2016/4/15,6427.91,0.0026 
2016/4/14,6411.3,0.0013 
2016/4/13,6402.9,0.0167 
2016/4/12,6297.64,-0.0019 
2016/4/11,6309.68,0.0037 
2016/4/8,6286.68,0.0091 
2016/4/7,6230.13,-0.0018 
2016/4/6,6241.64,-0.0223 
2016/4/1,6384.21,-0.0147 
2016/3/31,6479.44,0.0020 
2016/3/30,6466.82,0.0149 
2016/3/29,6371.99,-0.0055 
2016/3/28,6406.92,0.0014 
2016/3/25,6398.07,-0.0059 
2016/3/24,6436.23,-0.0025 
2016/3/23,6452.24,-0.0001 
2016/3/22,6453.06,-0.0042 
2016/3/21,6480.3,-0.0006 
2016/3/18,6483.97,0.0097 
2016/3/17,6421.44,0.0078 
2016/3/16,6371.47,0.0095 
2016/3/15,6311.62,-0.0137 
2016/3/14,6399.6,0.0057 
2016/3/11,6363.53,0.0054 
2016/3/10,6329.29,0.0039 
2016/3/9,6304.4,-0.0036 
2016/3/8,6327.19,0.0019 
2016/3/7,6314.95,-0.0004 
2016/3/4,6317.77,0.0014 
2016/3/3,6308.93,0.0110 
2016/3/2,6240.06,0.0087 
2016/3/1,6186.22,0.0081 
2016/2/26,6136.47,0.0033 
2016/2/25,6116.33,0.0135 
2016/2/24,6034.81,-0.0070 
2016/2/23,6077.6,-0.0014 
2016/2/22,6086.27,-0.0004 
2016/2/19,6088.53,-0.0003 
2016/2/18,6090.17,0.0144 
2016/2/17,6003.55,-0.0003 
2016/2/16,6005.38,0.0212 
2016/2/15,5880.54,-0.0020 
2016/2/3,5892.33,-0.0065 
2016/2/2,5930.61,-0.0053 
2016/2/1,5962.32,0.0030 
2016/1/30,5944.45,0.0070 
2016/1/29,5902.97,0.0264 
2016/1/28,5751.32,0.0064 
2016/1/27,5714.63,0.0045 
2016/1/26,5688.79,-0.0106 
2016/1/25,5749.98,0.0181 
2016/1/22,5647.52,0.0158 
2016/1/21,5559.56,-0.0045 
2016/1/20,5584.6,-0.0219 
2016/1/19,5709.56,0.0052 
2016/1/18,5679.88,-0.0017 
2016/1/15,5689.4,0.0073 
2016/1/14,5648.29,-0.0105 
2016/1/13,5708.47,0.0070 
2016/1/12,5668.83,0.0017 
2016/1/11,5659.45,-0.0128 
2016/1/8,5732.96,0.0019 
2016/1/7,5722.19,-0.0161 
2016/1/6,5815.69,-0.0118 
2016/1/5,5885.42,-0.0055 
2016/1/4,5918.25,-0.0307 
2015/12/31,6105.44,0.0084 
2015/12/30,6054.4,-0.0017 
2015/12/29,6064.59,-0.0103 
2015/12/28,6127.55,0.0006 
2015/12/25,6123.64,0.0038 
2015/12/24,6100.4,0.0030 
2015/12/23,6082.01,0.0029 
2015/12/22,6064.5,0.0036 
2015/12/21,6042.93,0.0015 
2015/12/18,6033.88,-0.0133 
2015/12/17,6115.17,0.0180 
2015/12/16,6007.16,0.0158 
2015/12/15,5913.87,0.0002 
2015/12/14,5912.42,-0.0119 
2015/12/11,5983.6,-0.0101 
2015/12/10,6044.68,-0.0014 
2015/12/9,6052.92,-0.0124 
2015/12/8,6129.2,-0.0134 
2015/12/7,6212.18,0.0090 
2015/12/4,6156.9,-0.0099 
2015/12/3,6218.28,-0.0012 
2015/12/2,6225.95,-0.0016 
2015/12/1,6235.7,0.0202 
2015/11/30,6112.22,-0.0089 
2015/11/27,6167.41,-0.0137 
2015/11/26,6253.01,0.0117 
2015/11/25,6180.41,0.0004 
2015/11/24,6177.82,-0.0112 
2015/11/23,6248.07,0.0029 
2015/11/20,6230.07,-0.0023 
2015/11/19,6244.48,0.0194 
2015/11/18,6125.75,-0.0115 
2015/11/17,6197.13,0.0162 
2015/11/16,6098.04,-0.0045 
2015/11/13,6125.59,-0.0132 
2015/11/12,6207.38,0.0018 
2015/11/11,6196.06,-0.0127 
2015/11/10,6275.85,-0.0152 
2015/11/9,6372.89,-0.0011 
2015/11/6,6379.77,-0.0205 
2015/11/5,6513.55,-0.0037 
2015/11/4,6537.95,0.0207 
2015/11/3,6405.25,0.0127 
2015/11/2,6324.68,0.0081 
2015/10/30,6274.14,-0.0032 
2015/10/29,6294.35,-0.0113 
2015/10/28,6366.17,-0.0054 
2015/10/27,6400.7,-0.0069 
2015/10/26,6445.33,0.0074 
2015/10/23,6397.91,0.0108 
2015/10/22,6329.25,-0.0017 
2015/10/21,6339.72,-0.0061 
2015/10/20,6378.57,0.0008 
2015/10/19,6373.54,0.0022 
2015/10/16,6359.53,-0.0024 
2015/10/15,6374.75,0.0130 
2015/10/14,6293,-0.0076 
2015/10/13,6341.51,-0.0033 
2015/10/12,6362.63,0.0167 
2015/10/8,6258.23,-0.0016 
2015/10/7,6268.44,0.0135 
2015/10/6,6185.06,0.0076 
2015/10/5,6138.69,0.0019 
2015/10/2,6127.11,-0.0007 
2015/10/1,6131.52,0.0143 
2015/9/30,6044.95,0.0083 
